{
  "dataset": {
    "Binary-Cell-Dice-Mean": 0.7905654656686419,
    "Binary-Cell-Jacard-Mean": 0.7039019147293925,
    "Tissue-Multiclass-Accuracy": 0.05841293166789126,
    "bPQ": 0.6012577900511951,
    "bDQ": 0.7403261693311518,
    "bSQ": 0.800597228992633,
    "mPQ": 0.4189543460038282,
    "mDQ": 0.5154302991439301,
    "mSQ": 0.6586328005962389,
    "f1_detection": 0.7942553534997725,
    "precision_detection": 0.7702983544952456,
    "recall_detection": 0.819750355985094
  },
  "tissue_metrics": {
    "bile-duct": {
      "Dice": 0.7829996437966069,
      "Jaccard": 0.6951000969256124,
      "mPQ": 0.41637358387147116,
      "bPQ": 0.6154312565444785
    },
    "thyroid": {
      "Dice": 0.8275340249942195,
      "Jaccard": 0.7280382408249763,
      "mPQ": 0.35403533050285396,
      "bPQ": 0.6701734137218034
    },
    "testis": {
      "Dice": 0.8204613432549593,
      "Jaccard": 0.7204784275146953,
      "mPQ": 0.46577142829271384,
      "bPQ": 0.6522530397997419
    },
    "headneck": {
      "Dice": 0.6932419424812342,
      "Jaccard": 0.6704452438825683,
      "mPQ": 0.37978652587591405,
      "bPQ": 0.5726614865080617
    },
    "adrenal_gland": {
      "Dice": 0.8283516658890632,
      "Jaccard": 0.7241061048161599,
      "mPQ": 0.40151806478280366,
      "bPQ": 0.6470151353680629
    },
    "prostate": {
      "Dice": 0.8111837699132807,
      "Jaccard": 0.7250145723422369,
      "mPQ": 0.45662659502705244,
      "bPQ": 0.6222980423878671
    },
    "breast": {
      "Dice": 0.8260091364960517,
      "Jaccard": 0.7170666221027393,
      "mPQ": 0.4541208780443142,
      "bPQ": 0.6176887369802659
    },
    "pancreatic": {
      "Dice": 0.8443109776292529,
      "Jaccard": 0.734747880271503,
      "mPQ": 0.4382827969435268,
      "bPQ": 0.6206796420524833
    },
    "colon": {
      "Dice": 0.7055411324025649,
      "Jaccard": 0.6531478422787248,
      "mPQ": 0.35916447974784055,
      "bPQ": 0.5063007676413238
    },
    "lung": {
      "Dice": 0.824121306924259,
      "Jaccard": 0.7034967389761233,
      "mPQ": 0.35572854160322775,
      "bPQ": 0.5913959239701149
    },
    "cervix": {
      "Dice": 0.716699517743532,
      "Jaccard": 0.6913805056976366,
      "mPQ": 0.4072690004755979,
      "bPQ": 0.6553987018447662
    },
    "liver": {
      "Dice": 0.8612084747642599,
      "Jaccard": 0.7604855728405778,
      "mPQ": 0.4448558661059149,
      "bPQ": 0.6742302093588453
    },
    "uterus": {
      "Dice": 0.831922334030362,
      "Jaccard": 0.7174773225389375,
      "mPQ": 0.4105478270137453,
      "bPQ": 0.5954538530369969
    },
    "skin": {
      "Dice": 0.7527832821374987,
      "Jaccard": 0.6359423867812971,
      "mPQ": 0.29794643946183136,
      "bPQ": 0.5460242715501382
    },
    "esophagus": {
      "Dice": 0.8342179694074265,
      "Jaccard": 0.73359237463339,
      "mPQ": 0.47772575006694906,
      "bPQ": 0.607031205412804
    },
    "kidney": {
      "Dice": 0.7764542335417213,
      "Jaccard": 0.673763253339907,
      "mPQ": 0.3900688490020445,
      "bPQ": 0.6458874001381063
    },
    "stomach": {
      "Dice": 0.8582909752925237,
      "Jaccard": 0.754840400069952,
      "mPQ": 0.39824574190346246,
      "bPQ": 0.6345302889290271
    },
    "ovarian": {
      "Dice": 0.8459147810935974,
      "Jaccard": 0.739261385339957,
      "mPQ": 0.4607229247301622,
      "bPQ": 0.6223192339301912
    },
    "bladder": {
      "Dice": 0.7632902013137937,
      "Jaccard": 0.6963017448302238,
      "mPQ": 0.516787798361346,
      "bPQ": 0.6497182643558242
    }
  },
  "nuclei_metrics_pq": {
    "Neoplastic cells": 0.47487146474223085,
    "Inflammatory": 0.42392232712678285,
    "Connective/Soft tissue cells": 0.3394782696103498,
    "Dead Cells": 0.0,
    "Epithelial": 0.4483534418586865
  },
  "nuclei_metrics_d": {
    "Neoplastic cells": {
      "f1_cell": 0.6125126592801972,
      "prec_cell": 0.5774667958729978,
      "rec_cell": 0.6520871552251295
    },
    "Inflammatory": {
      "f1_cell": 0.5487251914071211,
      "prec_cell": 0.518071443610078,
      "rec_cell": 0.5832345737536541
    },
    "Connective/Soft tissue cells": {
      "f1_cell": 0.44932366202705354,
      "prec_cell": 0.4765568146376962,
      "rec_cell": 0.42503477051460364
    },
    "Dead Cells": {
      "f1_cell": 0.0,
      "prec_cell": NaN,
      "rec_cell": 0.0
    },
    "Epithelial": {
      "f1_cell": 0.5379518875894882,
      "prec_cell": 0.4896389833252388,
      "rec_cell": 0.5968426245683276
    }
  }
}